INSERT INTO auth.users (instance_id,id,aud,role,email,encrypted_password,email_confirmed_at,invited_at,confirmation_token,confirmation_sent_at,recovery_token,recovery_sent_at,email_change_token_new,email_change,email_change_sent_at,last_sign_in_at,raw_app_meta_data,raw_user_meta_data,is_super_admin,created_at,updated_at,phone,phone_confirmed_at,phone_change,phone_change_token,phone_change_sent_at,email_change_token_current,email_change_confirm_status,banned_until,reauthentication_token,reauthentication_sent_at,is_sso_user,deleted_at,is_anonymous) VALUES ('00000000-0000-0000-0000-000000000000', '0f5d546a-dd80-5406-a005-a4f3061b9fb4', 'authenticated', 'authenticated', 'anita.conti@astrolabe-expeditions.org', '$2b$06$VOgZmje/U4.KV5wxcNi6UebNWpLgXV54F671kiRUrEzUBLiWSPsLS', '2026-01-15T11:37:36.694Z', '2020-03-07T03:00:57.000Z', 'Videant qui et restatem eas causa epicipsa.', '2020-12-28T11:35:00.000Z', 'Graecistius ab esse verum libervi, periis sit vire vitamicar voluptatem atione fortibus eo.', '2020-01-09T00:49:11.000Z', 'Concere ego nihil intellegan intera.', 'Lectorquem otis optimi sentiar legantiam scaevole.', '2020-10-02T09:19:38.000Z', '2020-08-16T19:13:05.000Z', '{"provider":"email","providers":["email"]}', '{"email_verified":true}', 't', '2020-06-06T05:41:47.000Z', '2020-03-11T02:10:13.000Z', DEFAULT, '2020-03-11T02:53:19.000Z', DEFAULT, DEFAULT, '2020-12-24T11:30:02.000Z', DEFAULT, DEFAULT, NULL, DEFAULT, '2020-06-26T17:49:35.000Z', DEFAULT, '2020-03-23T14:25:27.000Z', DEFAULT), ('00000000-0000-0000-0000-000000000000', '5fef9e7c-116a-5504-a6ae-d16f4442d448', 'authenticated', 'authenticated', 'jacques-yves.cousteau@astrolabe-expeditions.org', '$2b$06$BUoyjluBooU8p2Xh3oRbOeVe2PWBRmsOBb3C9jMIyooGs1P05Vd5q', '2026-01-15T11:37:36.694Z', '2020-03-23T14:40:28.000Z', 'Epicium confirmissum inem andae dolordinem nec util.', '2020-10-18T22:13:30.000Z', 'Rerum dum orum amiciti quam, insequimur aut maximus dis ad illus.', '2020-09-25T08:22:24.000Z', 'Se eius et continere sedatum et, vituptas iudicarte necest in omnesque saepe spatio.', 'Is liberea consequatur ne liberenda etiamque quasi.', '2020-06-18T17:21:57.000Z', '2020-03-27T14:58:22.000Z', '{"provider":"email","providers":["email"]}', '{"email_verified":true}', 't', '2020-01-17T12:52:35.000Z', '2020-05-25T17:01:44.000Z', DEFAULT, '2020-07-19T18:13:25.000Z', DEFAULT, DEFAULT, '2020-06-22T05:10:29.000Z', DEFAULT, DEFAULT, NULL, DEFAULT, '2020-06-06T17:32:29.000Z', DEFAULT, '2020-08-12T20:00:19.000Z', DEFAULT);
INSERT INTO public.models (id,name,created_at,updated_at,deleted_at,description,code) VALUES ('426e7e07-aa9f-5c4f-b4d8-14b89bc70aba', 'Sonde conductitité, température et pression', DEFAULT, DEFAULT, NULL, 'Inant ut pertur secum quod nos tranquillitter.', 'CTD'), ('a081bb9d-c9e2-5adc-9823-58e983254750', 'Thermosalinographe de surface', DEFAULT, DEFAULT, NULL, 'Quod qui fugiat quasi il copulation.', 'TSG'), ('bf8b38d7-f598-52a5-b505-10f5d5f5c82d', 'Détecteur de muons', DEFAULT, DEFAULT, NULL, 'In util omnino et serui in arenta non.', 'MD'), ('e0e0dc16-9cd6-5154-86c6-2306a5822397', 'Positionnement GNSS et altimètre acoustique', DEFAULT, DEFAULT, NULL, 'Campum dolorum inum praesid consequenter conveniri, mat multoque hoc sola afferate vita hominanim romant.', 'GNSS');
INSERT INTO public.stations (id,name,description,is_mobile,position,created_at,updated_at,deleted_at) VALUES ('60e5f407-d1ba-5039-bb19-3fbe22e82455', 'Bouée n°0', 'Omnem ponderigit ex legere hortatem.', 'f', NULL, DEFAULT, DEFAULT, NULL), ('945041ef-7938-5ef6-8c46-2c0605669a58', 'Bouée n°1', 'Se omni ea quibus quo amicium.', 'f', NULL, DEFAULT, DEFAULT, NULL), ('1eb4c169-0c4f-59e6-b4ce-ecef4e494f16', 'Bouée n°2', 'Labore enimita et non si stultorquem.', 'f', NULL, DEFAULT, DEFAULT, NULL), ('29ab9431-0772-59d3-ab17-1e926e1e1c2a', 'Voilier Status', 'Suo torquatosop ad esse sit anime es.', 't', NULL, DEFAULT, DEFAULT, NULL), ('671399db-8dca-5630-866d-8c92d95863a2', 'Bouée n°4', 'Appetua petentibi quidem bonis inum eosque versancirco se.', 'f', NULL, DEFAULT, DEFAULT, NULL), ('63be84ff-8bf6-50ce-9a0a-3c839abbb9f6', 'Bouée n°5', 'Bonores inquam aut medium satis iis omnino, et iniuria et tractatum graecosoption.', 'f', NULL, DEFAULT, DEFAULT, NULL), ('f6649236-9255-50a7-bde8-8bb55dec3f5e', 'Bouée n°6', 'Neque esse disputaret se voluptat principitiae inanimum sane, me neces quo delico non iganim fieri.', 'f', NULL, DEFAULT, DEFAULT, NULL), ('8522bd00-52e5-5c43-8674-0eb5475ce8a3', 'Bouée n°7', 'Delecto ut vero hoc igam.', 'f', NULL, DEFAULT, DEFAULT, NULL), ('05c0d24c-8977-5cf9-b366-3c515dc0acc5', 'Bouée n°8', 'De maloressit causam res reperetur.', 'f', NULL, DEFAULT, DEFAULT, NULL), ('fd068574-7029-537c-bb78-1b5ae65d535e', 'Voilier Adipse', 'Ando ac possit ere tori aut permulta cum.', 't', NULL, DEFAULT, DEFAULT, NULL);
INSERT INTO public.instruments (id,created_at,updated_at,deleted_at,model_id,serial_number) VALUES ('6ba208a0-b146-5c85-80b3-fb5f5623114e', DEFAULT, DEFAULT, NULL, 'a081bb9d-c9e2-5adc-9823-58e983254750', 'AE_TSG_629'), ('a8fab530-e002-5174-bca5-b83e3a3c0bbf', DEFAULT, DEFAULT, NULL, 'e0e0dc16-9cd6-5154-86c6-2306a5822397', 'AE_GNSS_891'), ('bf2f29bd-742d-5032-afe0-d86b9b860134', DEFAULT, DEFAULT, NULL, 'bf8b38d7-f598-52a5-b505-10f5d5f5c82d', 'OSO_MD_291');
INSERT INTO public.station_has_instruments (station_id,instrument_id,assigned_at,unassigned_at) VALUES ('60e5f407-d1ba-5039-bb19-3fbe22e82455', '6ba208a0-b146-5c85-80b3-fb5f5623114e', DEFAULT, '2020-11-27T22:23:23.000Z'), ('60e5f407-d1ba-5039-bb19-3fbe22e82455', 'a8fab530-e002-5174-bca5-b83e3a3c0bbf', DEFAULT, '2020-02-22T13:36:47.000Z'), ('60e5f407-d1ba-5039-bb19-3fbe22e82455', 'bf2f29bd-742d-5032-afe0-d86b9b860134', DEFAULT, '2020-09-17T08:28:40.000Z');
INSERT INTO public.instruments (id,created_at,updated_at,deleted_at,model_id,serial_number) VALUES ('b0d7ee5b-1b5a-5921-a7bc-5b5b8427a123', DEFAULT, DEFAULT, NULL, 'e0e0dc16-9cd6-5154-86c6-2306a5822397', 'AE_GNSS_319'), ('4acd1cd1-f6f8-5811-8c10-7011742e8c8d', DEFAULT, DEFAULT, NULL, 'bf8b38d7-f598-52a5-b505-10f5d5f5c82d', 'OSO_MD_15'), ('6c148536-4a1a-5faa-9916-9323183c6516', DEFAULT, DEFAULT, NULL, 'a081bb9d-c9e2-5adc-9823-58e983254750', 'AE_TSG_416');
INSERT INTO public.station_has_instruments (station_id,instrument_id,assigned_at,unassigned_at) VALUES ('945041ef-7938-5ef6-8c46-2c0605669a58', 'b0d7ee5b-1b5a-5921-a7bc-5b5b8427a123', DEFAULT, '2020-09-25T08:23:13.000Z'), ('945041ef-7938-5ef6-8c46-2c0605669a58', '4acd1cd1-f6f8-5811-8c10-7011742e8c8d', DEFAULT, '2020-07-11T07:03:09.000Z'), ('945041ef-7938-5ef6-8c46-2c0605669a58', '6c148536-4a1a-5faa-9916-9323183c6516', DEFAULT, '2020-04-24T15:54:25.000Z');
INSERT INTO public.instruments (id,created_at,updated_at,deleted_at,model_id,serial_number) VALUES ('d6c51654-4b2b-55ae-a59d-30ac7b7f6b19', DEFAULT, DEFAULT, NULL, 'e0e0dc16-9cd6-5154-86c6-2306a5822397', 'AE_GNSS_467'), ('92c81313-b96d-59ad-9b15-2afd5d27f13a', DEFAULT, DEFAULT, NULL, 'bf8b38d7-f598-52a5-b505-10f5d5f5c82d', 'OSO_MD_442'), ('0b4017df-fad9-58c3-9ad9-d27a7cc9130f', DEFAULT, DEFAULT, NULL, 'a081bb9d-c9e2-5adc-9823-58e983254750', 'AE_TSG_813');
INSERT INTO public.station_has_instruments (station_id,instrument_id,assigned_at,unassigned_at) VALUES ('1eb4c169-0c4f-59e6-b4ce-ecef4e494f16', 'd6c51654-4b2b-55ae-a59d-30ac7b7f6b19', DEFAULT, '2020-01-09T00:49:32.000Z'), ('1eb4c169-0c4f-59e6-b4ce-ecef4e494f16', '92c81313-b96d-59ad-9b15-2afd5d27f13a', DEFAULT, '2020-08-28T19:14:41.000Z'), ('1eb4c169-0c4f-59e6-b4ce-ecef4e494f16', '0b4017df-fad9-58c3-9ad9-d27a7cc9130f', DEFAULT, '2020-06-14T05:05:27.000Z');
INSERT INTO public.instruments (id,created_at,updated_at,deleted_at,model_id,serial_number) VALUES ('93b23530-9a95-5d99-b211-bd7fe0a4ea24', DEFAULT, DEFAULT, NULL, '426e7e07-aa9f-5c4f-b4d8-14b89bc70aba', 'OSO_CTD_123');
INSERT INTO public.station_has_instruments (station_id,instrument_id,assigned_at,unassigned_at) VALUES ('29ab9431-0772-59d3-ab17-1e926e1e1c2a', '93b23530-9a95-5d99-b211-bd7fe0a4ea24', DEFAULT, '2020-02-22T01:33:10.000Z');
INSERT INTO public.instruments (id,created_at,updated_at,deleted_at,model_id,serial_number) VALUES ('12d3c802-87ff-5ea5-b20d-268ccdba9f14', DEFAULT, DEFAULT, NULL, 'a081bb9d-c9e2-5adc-9823-58e983254750', 'AE_TSG_660'), ('497e59b3-b6d1-59b6-81a5-5963a182fe55', DEFAULT, DEFAULT, NULL, '426e7e07-aa9f-5c4f-b4d8-14b89bc70aba', 'OSO_CTD_308'), ('4ecfe7a6-9667-5720-afce-e7b4fbaccae8', DEFAULT, DEFAULT, NULL, 'a081bb9d-c9e2-5adc-9823-58e983254750', 'AE_TSG_170');
INSERT INTO public.station_has_instruments (station_id,instrument_id,assigned_at,unassigned_at) VALUES ('671399db-8dca-5630-866d-8c92d95863a2', '12d3c802-87ff-5ea5-b20d-268ccdba9f14', DEFAULT, '2020-06-02T05:10:44.000Z'), ('671399db-8dca-5630-866d-8c92d95863a2', '497e59b3-b6d1-59b6-81a5-5963a182fe55', DEFAULT, '2020-01-09T00:04:20.000Z'), ('671399db-8dca-5630-866d-8c92d95863a2', '4ecfe7a6-9667-5720-afce-e7b4fbaccae8', DEFAULT, '2020-12-16T23:27:20.000Z');
INSERT INTO public.instruments (id,created_at,updated_at,deleted_at,model_id,serial_number) VALUES ('68e87076-371a-5e8a-bef0-1a7442353caa', DEFAULT, DEFAULT, NULL, 'a081bb9d-c9e2-5adc-9823-58e983254750', 'AE_TSG_232'), ('47c93fc5-4fc1-54cc-b4fa-cbbc74e2e670', DEFAULT, DEFAULT, NULL, 'a081bb9d-c9e2-5adc-9823-58e983254750', 'AE_TSG_396'), ('efc37d87-5c65-5f3d-a699-70992a93937a', DEFAULT, DEFAULT, NULL, '426e7e07-aa9f-5c4f-b4d8-14b89bc70aba', 'OSO_CTD_220');
INSERT INTO public.station_has_instruments (station_id,instrument_id,assigned_at,unassigned_at) VALUES ('63be84ff-8bf6-50ce-9a0a-3c839abbb9f6', '68e87076-371a-5e8a-bef0-1a7442353caa', DEFAULT, '2020-05-25T04:47:52.000Z'), ('63be84ff-8bf6-50ce-9a0a-3c839abbb9f6', '47c93fc5-4fc1-54cc-b4fa-cbbc74e2e670', DEFAULT, '2020-08-04T08:07:25.000Z'), ('63be84ff-8bf6-50ce-9a0a-3c839abbb9f6', 'efc37d87-5c65-5f3d-a699-70992a93937a', DEFAULT, '2020-12-20T23:15:45.000Z');
INSERT INTO public.instruments (id,created_at,updated_at,deleted_at,model_id,serial_number) VALUES ('cb6aa794-40ac-5542-9438-ad275e03098b', DEFAULT, DEFAULT, NULL, 'bf8b38d7-f598-52a5-b505-10f5d5f5c82d', 'OSO_MD_274'), ('4c28cd45-e542-55c1-baca-2d582d0c345a', DEFAULT, DEFAULT, NULL, 'e0e0dc16-9cd6-5154-86c6-2306a5822397', 'AE_GNSS_509'), ('d0217aec-ff45-5242-9c9f-e8e321e7d5f0', DEFAULT, DEFAULT, NULL, '426e7e07-aa9f-5c4f-b4d8-14b89bc70aba', 'OSO_CTD_231');
INSERT INTO public.station_has_instruments (station_id,instrument_id,assigned_at,unassigned_at) VALUES ('f6649236-9255-50a7-bde8-8bb55dec3f5e', 'cb6aa794-40ac-5542-9438-ad275e03098b', DEFAULT, '2020-05-21T05:03:11.000Z'), ('f6649236-9255-50a7-bde8-8bb55dec3f5e', '4c28cd45-e542-55c1-baca-2d582d0c345a', DEFAULT, '2020-01-05T00:28:17.000Z'), ('f6649236-9255-50a7-bde8-8bb55dec3f5e', 'd0217aec-ff45-5242-9c9f-e8e321e7d5f0', DEFAULT, '2020-12-08T23:11:14.000Z');
INSERT INTO public.instruments (id,created_at,updated_at,deleted_at,model_id,serial_number) VALUES ('6f0d2344-ed31-5dec-a1b0-d1872b91e2de', DEFAULT, DEFAULT, NULL, 'e0e0dc16-9cd6-5154-86c6-2306a5822397', 'AE_GNSS_816'), ('aafeb353-4ca5-5cab-8155-4a3a7f339661', DEFAULT, DEFAULT, NULL, '426e7e07-aa9f-5c4f-b4d8-14b89bc70aba', 'OSO_CTD_350'), ('0e3b04b0-c4e4-5c8c-8ed8-4cc690e9480d', DEFAULT, DEFAULT, NULL, 'e0e0dc16-9cd6-5154-86c6-2306a5822397', 'AE_GNSS_926');
INSERT INTO public.station_has_instruments (station_id,instrument_id,assigned_at,unassigned_at) VALUES ('8522bd00-52e5-5c43-8674-0eb5475ce8a3', '6f0d2344-ed31-5dec-a1b0-d1872b91e2de', DEFAULT, '2020-02-22T13:45:45.000Z'), ('8522bd00-52e5-5c43-8674-0eb5475ce8a3', 'aafeb353-4ca5-5cab-8155-4a3a7f339661', DEFAULT, '2020-10-14T09:37:53.000Z'), ('8522bd00-52e5-5c43-8674-0eb5475ce8a3', '0e3b04b0-c4e4-5c8c-8ed8-4cc690e9480d', DEFAULT, '2020-10-10T21:51:13.000Z');
INSERT INTO public.instruments (id,created_at,updated_at,deleted_at,model_id,serial_number) VALUES ('3a1f56a9-066a-5273-bb21-ab95a693c771', DEFAULT, DEFAULT, NULL, 'bf8b38d7-f598-52a5-b505-10f5d5f5c82d', 'OSO_MD_268'), ('1824e1f9-0b46-522b-bc2a-d1071fcf8941', DEFAULT, DEFAULT, NULL, 'e0e0dc16-9cd6-5154-86c6-2306a5822397', 'AE_GNSS_229'), ('e3797f63-71b4-5748-aa75-6066706b55c6', DEFAULT, DEFAULT, NULL, 'bf8b38d7-f598-52a5-b505-10f5d5f5c82d', 'OSO_MD_789');
INSERT INTO public.station_has_instruments (station_id,instrument_id,assigned_at,unassigned_at) VALUES ('05c0d24c-8977-5cf9-b366-3c515dc0acc5', '3a1f56a9-066a-5273-bb21-ab95a693c771', DEFAULT, '2020-04-04T03:24:09.000Z'), ('05c0d24c-8977-5cf9-b366-3c515dc0acc5', '1824e1f9-0b46-522b-bc2a-d1071fcf8941', DEFAULT, '2020-05-13T16:42:04.000Z'), ('05c0d24c-8977-5cf9-b366-3c515dc0acc5', 'e3797f63-71b4-5748-aa75-6066706b55c6', DEFAULT, '2020-02-18T01:26:07.000Z');
INSERT INTO public.instruments (id,created_at,updated_at,deleted_at,model_id,serial_number) VALUES ('65d2514e-113f-5bb1-a734-942da88fc0cb', DEFAULT, DEFAULT, NULL, '426e7e07-aa9f-5c4f-b4d8-14b89bc70aba', 'OSO_CTD_426');
INSERT INTO public.station_has_instruments (station_id,instrument_id,assigned_at,unassigned_at) VALUES ('fd068574-7029-537c-bb78-1b5ae65d535e', '65d2514e-113f-5bb1-a734-942da88fc0cb', DEFAULT, '2020-04-16T03:04:04.000Z');
